City,Cloudiness,Country,Date,Humidity,Lat,Lng,Max Temp,Wind Speed
Fallon,90,US,1584227438,18,39.47,-118.78,62.6,31.09
Butaritari,88,KI,1584227737,72,3.07,172.79,83.62,10.76
Rikitea,0,PF,1584227737,78,-23.12,-134.97,78.26,12.12
Jamestown,90,US,1584227360,80,42.1,-79.24,37.99,6.93
Punta Arenas,75,CL,1584227219,67,-53.15,-70.92,57.2,16.11
Constitución,38,CL,1584227167,83,-35.33,-72.42,54.82,5.7
Katsuura,20,JP,1584227738,60,35.13,140.3,44.01,10.29
Isangel,40,VU,1584227739,74,-19.55,169.27,87.8,11.41
Ushuaia,40,AR,1584227634,62,-54.8,-68.3,53.6,6.93
Semey,36,KZ,1584227740,79,50.41,80.23,29.62,5.17
Zhigansk,100,RU,1584227740,95,66.77,123.37,-5.39,23.87
Ponta Delgada,20,PT,1584227740,82,37.73,-25.67,55.4,2.24
Vaini,75,TO,1584227636,79,-21.2,-175.2,86.0,18.34
Albany,1,US,1584227741,59,42.6,-73.97,42.01,10.29
Sitka,1,US,1584227567,60,57.05,-135.33,41.0,7.34
Thompson,20,CA,1584227742,46,55.74,-97.86,8.6,3.36
Aksu,3,CN,1584227590,31,41.12,80.26,36.77,2.53
Broken Hill,18,AU,1584227743,54,-31.95,141.43,53.6,19.46
Camacha,75,PT,1584227743,63,33.08,-16.33,60.8,11.41
Ribeira Grande,58,PT,1584227580,84,38.52,-28.7,55.96,7.16
Itarema,99,BR,1584227659,94,-2.92,-39.92,75.51,3.15
Tiksi,14,RU,1584227679,71,71.69,128.87,-14.58,6.55
Sinnamary,83,GF,1584227744,78,5.38,-52.95,79.86,15.93
Atuona,21,PF,1584227745,72,-9.8,-139.03,82.04,10.89
Hilo,90,US,1584227630,78,19.73,-155.09,77.0,6.93
Talnakh,75,RU,1584227670,100,69.49,88.4,30.2,17.9
Sabang,1,ID,1584227746,73,5.89,95.32,84.7,15.61
Barrow,75,US,1584227701,77,71.29,-156.79,5.0,27.51
Okhotsk,100,RU,1584227747,83,59.38,143.3,5.45,7.45
Vostok,100,RU,1584227747,91,46.49,135.88,16.45,3.65
Husavik,20,IS,1584227662,77,66.04,-17.34,5.0,4.7
Healdsburg,90,US,1584227748,50,38.61,-122.87,57.2,13.87
Morgan Hill,90,US,1584227748,76,37.13,-121.65,57.99,5.82
Bambous Virieux,40,MU,1584227749,88,-20.34,57.76,77.0,13.49
East London,56,ZA,1584227612,78,-33.02,27.91,72.68,9.78
Port Hedland,3,AU,1584227750,83,-20.32,118.57,77.0,8.05
Arraial do Cabo,20,BR,1584227703,94,-22.97,-42.03,77.0,4.7
Vyartsilya,20,RU,1584227751,76,62.18,30.69,17.02,6.67
Hithadhoo,64,MV,1584227751,64,-0.6,73.08,82.83,3.47
Baykit,100,RU,1584227751,92,61.67,96.37,22.53,4.83
Mataura,100,NZ,1584227752,74,-46.19,168.86,62.01,4.0
New Norfolk,40,AU,1584227632,67,-42.78,147.06,60.01,5.82
Safi,22,MA,1584227753,91,32.3,-9.24,51.62,4.25
Portland,90,US,1584227753,64,45.52,-122.68,42.01,12.75
Mar del Plata,40,AR,1584227754,72,-38.0,-57.56,66.2,6.93
Port Alfred,95,ZA,1584227561,87,-33.59,26.89,68.0,4.0
Nikolskoye,76,RU,1584227534,45,59.7,30.79,24.8,13.42
Nikolayevsk-on-Amur,31,RU,1584227755,86,53.14,140.73,7.25,3.94
Castro,0,BR,1584227580,67,-24.79,-50.01,64.4,2.06
Fortuna,20,US,1584227756,81,40.6,-124.16,48.2,10.29
Upernavik,98,GL,1584227756,98,72.79,-56.15,-14.1,3.6
Snåase,87,NO,1584227756,67,64.25,12.38,12.13,8.19
Ryōtsu-minato,90,JP,1584227757,86,38.08,138.43,41.0,2.24
Alice Springs,90,AU,1584227539,43,-23.7,133.88,73.4,8.05
Mehamn,100,NO,1584227758,92,71.04,27.85,15.26,16.44
Bluff,100,NZ,1584227746,74,-46.6,168.33,62.01,4.0
Bonthe,78,SL,1584227758,86,7.53,-12.51,80.47,6.44
Avarua,26,CK,1584227537,74,-21.21,-159.78,84.2,6.93
Tomatlán,5,MX,1584227759,67,19.93,-105.25,79.7,7.31
Busselton,80,AU,1584227760,98,-33.65,115.33,66.0,13.04
Meulaboh,100,ID,1584227760,77,4.14,96.13,82.38,8.37
Kruisfontein,26,ZA,1584227685,85,-34.0,24.73,62.74,7.72
Norman Wells,90,CA,1584227761,85,65.28,-126.83,17.6,2.24
Roebourne,51,AU,1584227762,55,-20.78,117.13,84.97,13.31
Teknāf,34,BD,1584227762,67,20.86,92.31,65.39,2.59
Dikson,51,RU,1584227762,99,73.51,80.55,-18.27,8.41
Craig,90,US,1584227764,52,40.52,-107.55,48.2,4.43
Bredasdorp,83,ZA,1584227528,82,-34.53,20.04,66.2,3.36
Kaeo,0,NZ,1584227765,61,-35.1,173.78,75.0,5.01
Cherskiy,100,RU,1584227672,91,68.75,161.3,-2.74,3.11
Cairns,71,AU,1584227765,69,-16.92,145.77,82.0,11.41
Mossamedes,99,AO,1584227766,76,-15.2,12.15,76.66,5.37
Maralal,100,KE,1584227766,79,1.1,36.7,66.34,10.04
Cidreira,0,BR,1584227623,86,-30.18,-50.21,76.21,24.52
Hong Kong,10,HK,1584227524,55,22.29,114.16,68.0,10.29
Riverton,75,US,1584227516,54,40.52,-111.94,59.0,25.28
Hermanus,63,ZA,1584227609,96,-34.42,19.23,64.99,1.99
Impfondo,38,CG,1584227770,65,1.64,18.07,75.6,2.21
Praia,18,CV,1584227771,33,14.92,-23.51,77.0,16.11
Hobart,40,AU,1584227749,67,-42.88,147.33,60.01,5.82
Umm Kaddadah,91,SD,1584227773,19,13.6,26.69,67.48,12.39
Cape Town,75,ZA,1584227585,82,-33.93,18.42,66.0,18.34
Qaanaaq,0,GL,1584227773,58,77.48,-69.36,-20.81,5.75
Praxédis Guerrero,1,MX,1584227774,28,31.37,-106.02,72.0,4.7
Changanācheri,30,IN,1584227774,92,9.47,76.55,74.7,2.68
Matara,21,LK,1584227774,91,5.95,80.54,71.98,5.5
Moyale,97,KE,1584227775,58,3.52,39.06,77.11,2.48
Leningradskiy,49,RU,1584227775,71,69.38,178.42,1.45,10.74
Bowen,68,AU,1584227776,78,-20.02,148.23,81.0,4.7
Pevek,77,RU,1584227776,69,69.7,170.31,-0.67,6.64
Popondetta,100,PG,1584227776,63,-8.75,148.25,84.47,4.97
Mayumba,100,GA,1584227777,80,-3.43,10.66,83.14,4.88
Alofi,100,NU,1584227777,79,-19.06,-169.92,84.2,8.05
Aldan,87,RU,1584227777,83,58.6,125.39,1.09,12.8
Taksimo,92,RU,1584227778,89,56.34,114.88,1.65,0.22
Samarai,53,PG,1584227778,56,-10.62,150.67,86.99,5.17
Mataró,1,ES,1584227779,93,41.54,2.44,57.0,3.36
Yellowknife,75,CA,1584227779,51,62.46,-114.35,10.4,11.41
Bengkulu,81,ID,1584227494,88,-3.8,102.27,75.18,3.09
Grimshaw,5,CA,1584227780,49,56.18,-117.6,6.01,8.05
Sibolga,54,ID,1584227780,93,1.74,98.78,71.76,3.85
Marsabit,100,KE,1584227780,53,2.33,37.99,80.96,13.98
Bud,90,US,1584227632,96,39.45,-86.18,37.0,12.75
Faya,20,SA,1584227703,82,18.39,42.45,60.8,18.34
Ahipara,0,NZ,1584227581,68,-35.17,173.17,66.87,8.57
Toora-Khem,92,RU,1584227782,85,52.47,96.11,13.42,4.27
Mareeba,55,AU,1584227782,69,-17.0,145.43,82.0,11.41
Belmonte,20,BR,1584227783,78,-15.86,-38.88,80.6,3.36
Lebu,0,CL,1584227783,71,-37.62,-73.65,56.14,11.27
Río Gallegos,100,AR,1584227570,48,-51.62,-69.22,62.6,13.87
Alcains,0,PT,1584227784,70,39.92,-7.46,57.0,2.08
Nemuro,100,JP,1584227784,72,43.32,145.57,29.86,14.41
Plyussa,41,RU,1584227785,43,58.43,29.37,25.12,11.41
Abu Kamal,94,SY,1584227785,79,34.45,40.92,57.85,12.37
Port Hardy,5,CA,1584227785,32,50.7,-127.42,39.2,13.87
Kavieng,87,PG,1584227786,69,-2.57,150.8,85.08,7.54
Melfi,90,IT,1584227786,87,41.0,15.65,53.6,5.82
Puerto Escondido,20,MX,1584227547,79,15.85,-97.07,86.0,10.29
Broome,1,US,1584227787,59,42.25,-75.83,41.0,10.29
Bonfim,100,BR,1584227787,41,3.08,-59.95,90.12,9.6
Iguaí,92,BR,1584227788,95,-14.76,-40.09,66.92,0.94
Saskylakh,97,RU,1584227788,95,71.92,114.08,2.35,11.18
Marawi,0,PH,1584227697,84,8.0,124.29,75.0,5.01
Saint-Philippe,59,RE,1584227789,78,-21.36,55.77,77.0,5.82
Pāsighāt,91,IN,1584227789,74,28.07,95.33,66.97,2.71
Yangi Marg`ilon,0,UZ,1584227659,70,40.43,71.72,48.2,4.7
Cabo San Lucas,40,MX,1584227658,39,22.89,-109.91,80.6,23.04
Khambhāliya,100,IN,1584227790,30,22.21,69.67,68.11,11.16
Kapaa,1,US,1584227728,57,22.08,-159.32,78.8,11.41
Bose,75,IT,1584227791,81,45.46,8.01,50.0,4.7
Taloqan,0,AF,1584227791,33,36.74,69.53,40.71,4.47
Otane,12,NZ,1584227792,57,-39.88,176.63,70.0,5.01
El Sauzal de Rodríguez,79,MX,1584227792,73,31.9,-116.68,64.99,3.0
Yeppoon,7,AU,1584227792,57,-23.13,150.73,77.0,9.17
Qaqortoq,100,GL,1584227793,67,60.72,-46.03,19.4,4.68
Mahébourg,40,MU,1584227793,88,-20.41,57.7,77.0,7.54
Nyzy,90,UA,1584227794,65,50.78,34.78,28.13,16.49
Camacupa,94,AO,1584227796,99,-12.02,17.48,64.15,3.94
Petropavlovskaya,36,RU,1584227796,80,45.08,40.45,41.94,5.64
Limbang,75,MY,1584227797,88,4.75,115.0,78.8,1.12
Königs Wusterhausen,5,DE,1584227797,51,52.3,13.63,39.0,5.82
Diamantino,83,BR,1584227797,90,-14.41,-56.45,75.4,3.65
Bubaque,5,GW,1584227798,48,11.28,-15.83,83.75,24.02
Balakhninskiy,100,RU,1584227798,95,58.01,114.28,6.78,2.3
Chui,67,UY,1584227799,90,-33.7,-53.46,71.71,6.42
Tuktoyaktuk,75,CA,1584227799,85,69.45,-133.04,23.0,29.97
Chokurdakh,7,RU,1584227799,91,70.63,147.92,-20.63,2.89
Predivinsk,58,RU,1584227800,96,57.07,93.44,30.87,13.4
Dongsheng,0,CN,1584227800,34,39.82,109.98,32.99,8.14
Lompoc,90,US,1584227800,59,34.64,-120.46,60.8,8.05
Bethel,1,US,1584227696,32,41.37,-73.41,51.8,11.41
Christchurch,92,NZ,1584227799,72,-43.53,172.63,66.0,10.29
Tura,100,IN,1584227802,77,25.52,90.22,65.37,5.3
Ziro,97,IN,1584227802,82,27.63,93.83,53.92,1.61
Requena,20,ES,1584227802,87,39.49,-1.1,57.2,4.7
Khatanga,100,RU,1584227803,86,71.97,102.5,26.08,9.66
Bokoro,0,TD,1584227803,12,12.38,17.06,69.57,11.1
Carnarvon,75,AU,1584227638,78,-24.87,113.63,77.0,6.93
Atasū,25,KZ,1584227804,81,48.68,71.64,30.83,7.81
San Cristobal,40,VE,1584227804,62,7.77,-72.22,84.2,5.82
Talaya,100,RU,1584227805,89,61.38,152.75,-10.1,2.84
Pisco,99,PE,1584227805,30,-13.7,-76.22,75.99,23.04
Geraldton,90,AU,1584227805,88,-28.77,114.6,73.4,10.29
Codrington,47,AU,1584227806,71,-38.27,141.97,59.0,15.19
Mount Gambier,90,AU,1584227806,62,-37.83,140.77,57.2,8.05
Egvekinot,44,RU,1584227806,76,66.32,-179.17,8.85,4.63
Lavrentiya,100,RU,1584227807,74,65.58,-171.0,21.36,9.78
Flinders,97,AU,1584227737,51,-34.58,150.86,66.99,12.75
Sørland,100,NO,1584227808,66,67.67,12.69,40.32,37.29
Pitimbu,64,BR,1584227808,74,-7.47,-34.81,82.4,9.17
Margate,75,GB,1584227808,87,51.38,1.39,48.99,17.22
Razlog,100,BG,1584227809,94,41.89,23.47,45.0,1.99
Bilma,8,NE,1584227684,20,18.69,12.92,61.77,4.09
Lethem,80,GY,1584227810,52,3.38,-59.8,87.53,14.12
Vila,0,PT,1584227811,93,42.03,-8.16,52.0,1.12
Yavaros,50,MX,1584227811,39,26.7,-109.52,78.01,8.99
Souillac,40,MU,1584227811,88,-20.52,57.52,77.0,7.54
Paamiut,100,GL,1584227740,70,61.99,-49.67,4.55,9.04
Flin Flon,90,CA,1584227812,46,54.77,-101.86,10.4,4.7
Kargasok,100,RU,1584227812,98,59.06,80.86,33.98,16.53
Airai,9,TL,1584227814,54,-8.93,125.41,76.75,1.7
Lüderitz,0,NA,1584227814,64,-26.65,15.16,69.8,9.17
Kochevo,47,RU,1584227814,92,59.6,54.31,23.5,3.42
Beyneu,100,KZ,1584227815,76,45.32,55.2,51.67,7.4
San Patricio,40,MX,1584227615,79,19.22,-104.7,84.2,9.17
Tonantins,100,BR,1584227817,97,-2.87,-67.8,75.31,6.02
Lucapa,77,AO,1584227817,91,-8.42,20.74,67.05,1.36
Shimoda,31,JP,1584227673,93,34.67,138.95,46.0,3.36
Laramie,40,US,1584227761,34,41.31,-105.59,48.2,27.51
Charter Township of Clinton,90,US,1584227709,74,42.59,-82.92,37.4,12.75
Patiya,25,BD,1584227821,73,22.29,91.98,64.72,2.48
Karasuk,100,RU,1584227822,97,53.74,78.04,34.36,13.62
Barra do Bugres,71,BR,1584227822,91,-15.07,-57.18,76.59,1.99
Cabedelo,96,BR,1584227824,74,-6.98,-34.83,82.4,9.17
Makat,100,KZ,1584227645,83,47.65,53.35,52.7,11.9
Takoradze,100,GH,1584227725,88,4.88,-1.76,78.6,3.06
Troitskoye,100,RU,1584227825,77,52.98,84.68,34.18,15.23
Saint-Joseph,43,RE,1584227826,78,-21.37,55.62,77.0,5.82
Port Elizabeth,95,ZA,1584227826,82,-33.92,25.57,66.2,12.75
Menongue,100,AO,1584227826,98,-14.66,17.69,64.09,2.24
Várzea da Palma,55,BR,1584227827,92,-17.6,-44.73,68.76,7.36
Faanui,8,PF,1584227599,75,-16.48,-151.75,83.12,14.47
Ostrovnoy,97,RU,1584227672,97,68.05,39.51,2.52,11.65
Vacaville,90,US,1584227829,66,38.36,-121.99,55.0,12.75
Semnan,35,IR,1584227832,38,35.57,53.4,55.02,1.61
Ilulissat,98,GL,1584227659,70,69.22,-51.1,1.4,8.05
Guangshui,0,CN,1584227833,54,31.62,114.0,52.68,3.51
Severo-Kuril'sk,33,RU,1584227833,73,50.68,156.12,20.97,6.24
Zhumadian,30,CN,1584227834,58,32.98,114.03,50.94,5.26
Ponta do Sol,75,PT,1584227834,67,32.67,-17.1,60.8,13.87
Dunedin,100,NZ,1584227834,70,-45.87,170.5,61.0,1.99
Saint George,20,US,1584227568,45,37.1,-113.58,64.0,17.22
Palomares,0,MX,1584227835,76,17.15,-95.07,80.26,5.21
Salinas,90,US,1584227836,62,36.68,-121.66,59.0,11.41
Comodoro Rivadavia,0,AR,1584227701,39,-45.87,-67.5,66.2,11.41
Marsá Maţrūḩ,83,EG,1584227836,87,31.35,27.25,53.6,6.85
Clyde River,20,CA,1584227785,74,70.47,-68.59,-25.6,3.36
Hermiston,90,US,1584227837,69,45.84,-119.29,37.4,14.99
Vestmannaeyjar,33,IS,1584227837,66,63.44,-20.27,27.14,18.01
George Town,20,MY,1584227593,83,5.41,100.34,82.4,3.36
Mezen',48,RU,1584227838,88,65.85,44.24,17.1,7.87
Pacific Grove,90,US,1584227701,62,36.62,-121.92,60.01,11.41
Rawson,0,AR,1584227839,66,-43.3,-65.1,61.12,6.96
Havelock,90,US,1584227587,44,34.88,-76.9,63.0,5.82
Saldanha,0,ZA,1584227840,88,-33.01,17.94,62.6,12.75
Havre-St-Pierre,75,CA,1584227817,63,50.23,-63.6,28.4,13.87
Dingle,23,PH,1584227840,76,11.0,122.67,77.43,7.9
Juneau,20,US,1584227767,44,58.3,-134.42,41.0,5.82
Bella Vista,90,US,1584227687,87,36.43,-94.23,53.01,9.17
Sahuaripa,5,MX,1584227842,28,29.05,-109.23,68.97,6.8
Riyadh,40,SA,1584227571,42,24.69,46.72,66.2,4.7
São Filipe,14,CV,1584227684,56,14.9,-24.5,74.03,16.55
Loukhi,6,RU,1584227843,88,66.08,33.04,3.07,5.68
Mhango,99,TZ,1584227843,93,-3.28,32.85,64.33,2.86
Kerrobert,90,CA,1584227843,78,51.92,-109.13,10.4,21.92
Saint Paul Harbor,1,US,1584227642,59,57.79,-152.41,37.4,3.36
Vanavara,100,RU,1584227787,95,60.34,102.28,28.22,9.93
Lorengau,95,PG,1584227693,76,-2.02,147.27,84.06,11.79
Elko,90,US,1584227845,70,41.0,-115.5,48.0,10.29
Hualmay,93,PE,1584227845,75,-11.1,-77.61,73.17,5.48
Tambopata,20,PE,1584227846,100,-12.73,-69.18,33.8,1.12
Sambava,100,MG,1584227846,97,-14.27,50.17,72.03,7.02
Champerico,75,GT,1584227846,66,14.3,-91.92,86.0,4.7
Piaçabuçu,17,BR,1584227847,80,-10.41,-36.43,80.02,8.72
Port Blair,26,IN,1584227688,69,11.67,92.75,82.2,6.35
Tretten,100,NO,1584227848,87,61.31,10.3,23.0,5.99
Bogorodskoye,100,RU,1584227848,57,56.55,37.88,24.22,11.54
Leninsk-Kuznetsky,40,RU,1584227848,69,54.66,86.17,35.6,15.66
Kāvali,0,IN,1584227849,84,14.92,79.98,74.66,7.56
Starkville,1,US,1584227668,64,33.45,-88.82,75.2,3.71
Bethanien,0,NA,1584227849,40,-26.5,17.16,69.66,6.71
Jijiga,56,ET,1584227850,72,9.35,42.8,64.54,1.7
Araranguá,0,BR,1584227850,90,-28.93,-49.49,71.6,2.98
Oodweyne,3,SO,1584227851,84,9.41,45.06,63.54,2.35
Kendari,100,ID,1584227851,93,-3.94,122.5,76.93,0.54
Arkhangelsk,30,RU,1584227851,85,64.54,40.54,19.4,4.47
Pak Phanang,91,TH,1584227852,83,8.35,100.2,78.91,2.21
Sioux Lookout,90,CA,1584227852,31,50.1,-91.92,23.0,5.82
Bridgetown,90,BB,1584227741,88,13.1,-59.62,75.2,14.99
Polunochnoye,1,RU,1584227853,91,60.87,60.42,23.25,5.86
Elbistan,2,TR,1584227853,90,38.21,37.2,38.03,1.68
Barguzin,97,RU,1584227854,93,53.62,109.62,18.05,6.55
Sharjah city,100,AE,1584227854,53,25.36,55.4,77.0,2.24
Nanortalik,100,GL,1584227854,73,60.14,-45.24,20.95,2.51
Vestmanna,100,FO,1584227855,69,62.16,-7.17,35.6,16.11
Kenai,1,US,1584227855,45,60.55,-151.26,30.99,6.76
Nyuksenitsa,39,RU,1584227856,91,60.41,44.24,13.64,4.18
Aklavik,75,CA,1584227856,55,68.22,-135.01,33.8,5.82
Plettenberg Bay,49,ZA,1584227677,82,-34.05,23.37,65.86,5.5
Gobabis,16,NA,1584227857,72,-22.45,18.97,68.0,5.82
Ancud,39,CL,1584227857,71,-41.87,-73.82,55.4,6.93
Lanigan,100,CA,1584227857,89,51.85,-105.03,8.82,11.97
Caravelas,82,BR,1584227858,79,-17.71,-39.25,80.58,15.37
Cap-aux-Meules,40,CA,1584227858,74,47.38,-61.86,28.4,24.16
Sobolevo,54,RU,1584227859,49,54.43,31.9,24.75,14.03
Puerto Ayora,20,EC,1584227859,70,-0.74,-90.35,84.2,8.05
Moorhead,1,US,1584227859,53,46.87,-96.77,26.6,10.29
Dolinsk,0,RU,1584227860,85,47.35,142.8,10.4,6.71
Springbok,2,ZA,1584227860,82,-29.66,17.89,50.85,3.13
Yulara,0,AU,1584227860,31,-25.24,130.99,75.2,14.99
Batagay,34,RU,1584227861,85,67.63,134.63,-20.27,2.59
Rio Grande,90,BR,1584227861,88,-32.03,-52.1,78.8,12.75
Kaitangata,100,NZ,1584227741,70,-46.28,169.85,61.0,1.99
Robertsport,56,LR,1584227862,87,6.75,-11.37,82.4,10.36
Tambo,100,PE,1584227862,94,-14.8,-73.92,50.9,5.77
Kahului,40,US,1584227863,74,20.89,-156.47,80.6,12.75
Marzuq,42,YE,1584227666,62,14.4,46.47,64.51,5.32
Avilés,18,ES,1584227863,87,43.55,-5.92,46.99,2.82
Honningsvåg,100,NO,1584227864,84,70.98,25.97,23.0,24.63
Gari,0,RU,1584227864,93,59.43,62.35,26.69,8.48
Santiago del Estero,93,AR,1584227865,74,-27.8,-64.26,78.4,5.55
Terra Santa,100,BR,1584227865,93,-2.1,-56.49,78.01,3.83
Mount Isa,39,AU,1584227656,41,-20.73,139.5,78.8,9.17
Itoman,40,JP,1584227866,51,26.12,127.67,59.0,23.04
Kurchum,3,KZ,1584227866,68,48.57,83.65,17.6,1.14
Sakakah,75,SA,1584227867,72,29.97,40.21,59.0,16.11
Lamar,90,US,1584227867,100,33.67,-95.58,57.2,9.17
Muravlenko,97,RU,1584227867,93,63.79,74.52,10.49,18.23
Bandar-e Lengeh,100,IR,1584227868,58,26.56,54.88,74.59,7.76
Laas,5,IT,1584227725,86,46.62,10.7,41.0,4.7
Pandamatenga,48,BW,1584227868,90,-18.53,25.63,67.35,3.38
Klaksvík,100,FO,1584227869,69,62.23,-6.59,35.6,16.11
Korla,100,CN,1584227870,75,41.76,86.15,34.0,4.0
Dzerzhinsk,75,RU,1584227870,80,56.24,43.46,34.0,8.95
Kiryat Gat,75,IL,1584227871,93,31.61,34.76,59.0,6.93
Tambura,98,SS,1584227871,75,5.6,27.47,77.16,6.04
Salalah,75,OM,1584227871,61,17.02,54.09,77.0,8.05
Bristol,100,US,1584227759,39,41.83,-71.17,50.0,14.99
Ukiah,75,US,1584227872,53,39.15,-123.21,54.0,11.41
Wuda,33,CN,1584227872,25,39.5,106.71,33.96,3.8
Shenjiamen,0,CN,1584227873,71,29.96,122.3,51.22,12.77
Tete,81,MZ,1584227874,81,-16.16,33.59,71.69,2.28
Villamontes,94,BO,1584227874,40,-21.25,-63.5,86.14,0.92
Fairbanks,90,US,1584227673,67,64.84,-147.72,25.0,3.36
Arrondissement de Cholet,90,FR,1584227875,81,47.17,-1.0,50.0,5.82
Tasiilaq,0,GL,1584227875,64,65.61,-37.64,1.4,6.93
Radovitskiy,59,RU,1584227876,81,55.13,39.8,34.0,13.0
Carutapera,84,BR,1584227876,83,-1.2,-46.02,82.09,15.59
Kushima,20,JP,1584227876,52,31.46,131.23,46.4,5.82
Nhamundá,100,BR,1584227877,93,-2.19,-56.71,78.01,3.83
Tigwav,20,HT,1584227877,66,18.43,-72.87,84.2,12.75
Tandil,23,AR,1584227877,65,-37.32,-59.13,66.99,5.99
Sept-Îles,75,CA,1584227878,68,50.2,-66.38,27.0,12.75
Sooke,90,CA,1584227878,40,48.37,-123.73,37.99,5.82
Annau,75,TM,1584227879,39,37.89,58.52,66.2,2.24
Rumonge,100,BI,1584227879,85,-3.97,29.44,66.56,3.42
Chumikan,0,RU,1584227619,76,54.72,135.31,8.11,7.81
Woodlyn,90,US,1584227880,22,39.87,-75.34,55.4,9.17
Bonavista,42,CA,1584227881,82,48.65,-53.11,35.01,17.0
Vila Velha,20,BR,1584227739,83,-20.33,-40.29,80.6,4.7
Chunian,0,PK,1584227882,69,30.96,73.98,52.92,4.74
Raub,83,MY,1584227882,96,3.79,101.86,72.55,0.45
Bilibino,100,RU,1584227882,81,68.05,166.44,-3.59,5.46
Bella Union,77,UY,1584227883,59,-30.28,-57.6,79.9,4.16
Camaçari,40,BR,1584227884,83,-12.7,-38.32,82.4,11.41
Karaton,20,ID,1584227885,83,-6.34,106.1,78.8,2.24
Esperance,40,AU,1584227730,77,-33.87,121.9,66.2,20.8
Vila Franca do Campo,20,PT,1584227885,82,37.72,-25.43,55.4,2.24
Strathpeffer,58,GB,1584227886,70,57.59,-4.54,44.6,14.99
Rūdbār,100,AF,1584227886,17,30.15,62.6,67.32,3.71
Kuningan,71,ID,1584227886,88,-6.98,108.48,73.38,2.26
Yaan,33,NG,1584227887,11,7.38,8.57,81.34,4.21
Taiyuan,0,CN,1584227884,46,37.87,112.56,28.4,2.24
Bay Roberts,20,CA,1584227888,80,47.6,-53.26,35.01,31.09
Ovalle,32,CL,1584227890,69,-30.6,-71.2,59.85,1.59
Izhma,99,RU,1584227891,93,65.01,53.91,10.4,8.7
San Andrés,40,CO,1584227892,70,12.58,-81.7,84.2,13.87
Vargem Grande,100,BR,1584227893,97,-3.54,-43.92,74.66,2.66
Paita,40,PE,1584227893,100,-5.09,-81.11,62.6,10.29
Ambilobe,100,MG,1584227894,85,-13.2,49.05,80.08,13.09
Kibala,0,TD,1584227894,29,9.11,18.35,78.8,4.61
Novopokrovka,75,UA,1584227894,55,49.84,36.55,33.8,15.66
Verkh-Usugli,0,RU,1584227895,75,52.7,115.17,11.68,2.24
Tacuatí,83,PY,1584227895,37,-23.45,-56.58,86.52,5.3
Hagersville,90,CA,1584227895,69,42.97,-80.05,37.99,8.05
Borgarnes,0,IS,1584227896,58,64.54,-21.92,26.6,5.82
Avera,90,US,1584227896,40,33.19,-82.53,80.6,9.17
Lata,0,PT,1584227897,93,40.16,-8.33,55.0,2.24
Turan,40,VN,1584227836,83,16.07,108.22,77.0,1.12
Koygorodok,76,RU,1584227897,94,60.45,51.0,17.91,3.91
Porosozero,92,RU,1584227898,91,62.72,32.73,13.05,6.89
Sarkand,2,KZ,1584227898,45,45.41,79.92,38.61,6.8
Mwingi,66,KE,1584227898,84,-0.93,38.06,69.04,2.59
Nikol'sk,51,RU,1584227899,94,53.72,46.07,32.0,10.0
Shafter,75,US,1584227899,42,35.5,-119.27,68.0,3.36
Kloulklubed,75,PW,1584227642,88,7.04,134.26,77.0,10.2
Solwezi,81,ZM,1584227900,97,-12.17,26.39,61.25,2.91
Katete,94,UG,1584227900,86,-0.78,29.75,60.39,2.26
Palora,75,EC,1584227901,83,-1.7,-77.93,77.0,4.7
Alexandria,23,EG,1584227635,93,31.22,29.96,59.0,3.36
Ferrol,8,ES,1584227901,93,43.48,-8.24,52.0,4.7
Andenes,100,NO,1584227902,63,69.31,16.12,32.0,17.22
North Platte,90,US,1584227902,95,41.12,-100.77,32.0,16.11
Naze,75,JP,1584227903,50,28.37,129.48,59.0,11.41
Xai-Xai,0,MZ,1584227903,96,-25.05,33.64,70.88,1.81
Port Keats,9,AU,1584227903,55,-14.25,129.55,88.16,6.89
Njombe,99,TZ,1584227904,96,-9.33,34.77,59.32,2.3
Lábrea,100,BR,1584227904,87,-7.26,-64.8,78.73,3.87
Sendafa,20,ET,1584227904,59,9.15,39.03,64.4,6.93
Kichera,95,RU,1584227905,91,55.94,110.1,16.65,0.87
Birjand,99,IR,1584227682,12,32.87,59.22,55.4,16.11
Srednekolymsk,100,RU,1584227906,91,67.45,153.68,-7.26,16.08
Severo-Yeniseyskiy,100,RU,1584227906,87,60.37,93.04,27.16,15.05
Ust'-Omchug,100,RU,1584227906,91,61.15,149.63,-5.55,4.56
Hasaki,20,JP,1584227907,80,35.73,140.83,39.2,6.93
Kaka,99,TM,1584227907,37,37.35,59.61,62.82,5.3
Nome,90,US,1584227635,100,64.5,-165.41,30.2,10.29
Lagoa,16,PT,1584227908,81,39.05,-27.98,59.9,10.02
Manga,40,BF,1584227908,21,11.66,-1.07,85.14,7.31
Akdepe,100,TM,1584227909,37,42.06,59.38,51.8,4.7
Atar,0,MR,1584227909,12,20.52,-13.05,67.64,4.25
Torbay,20,CA,1584227909,80,47.67,-52.73,35.01,31.09
Chake Chake,41,TZ,1584227910,77,-5.25,39.77,84.42,9.53
Ulaangom,83,MN,1584227755,98,49.98,92.07,-2.83,2.39
Port Victoria,93,KE,1584227911,74,0.09,33.98,74.41,8.81
Nurota,9,UZ,1584227911,57,40.56,65.69,48.2,11.41
Sarti,100,GR,1584227911,88,40.1,23.98,53.82,6.67
Prince George,1,CA,1584227912,37,53.92,-122.75,17.6,14.99
Kalmunai,72,LK,1584227912,73,7.42,81.82,81.5,9.69
Smithers,5,CA,1584227913,20,54.78,-127.17,23.0,2.24
Vrede,0,ZA,1584227913,74,-27.43,29.17,54.79,4.23
Copiapó,75,CL,1584227913,72,-27.37,-70.33,66.2,9.17
Zemetchino,66,RU,1584227879,88,53.5,42.62,34.43,5.84
Nan,21,TH,1584227914,43,18.83,100.67,75.47,2.68
Halifax,75,CA,1584227691,51,44.65,-63.57,39.99,17.22
Chenghai,40,CN,1584227915,100,23.46,116.77,57.2,2.24
Caramay,12,PH,1584227915,63,10.18,119.24,79.88,2.8
Morgan City,75,US,1584227915,83,29.7,-91.21,80.01,4.7
Dromolaxia,20,CY,1584227916,93,34.88,33.59,60.8,5.82
Ayorou,0,NE,1584227916,11,14.73,0.92,77.85,10.09
Sola,29,VU,1584227917,77,-13.88,167.55,85.46,25.12
Labuhan,91,ID,1584227847,88,-6.88,112.21,78.39,2.91
Alice,1,US,1584227917,58,27.75,-98.07,93.2,19.46
Santa Cruz de la Sierra,40,BO,1584227716,49,-17.8,-63.17,93.2,11.41
Cachipay,78,CO,1584227918,96,5.27,-74.57,70.11,1.59
Trofors,100,NO,1584227696,64,65.53,13.41,35.6,25.28
Omboué,100,GA,1584227919,89,-1.57,9.26,77.52,0.98
Miraflores,90,MX,1584227919,40,19.22,-98.81,91.4,17.22
Poronaysk,96,RU,1584227920,87,49.22,143.12,21.79,5.37
Kumano,40,JP,1584227920,80,34.34,132.59,46.0,3.36
Nishihara,40,JP,1584227728,51,26.18,127.76,59.0,23.04
Taoudenni,0,ML,1584227720,12,22.68,-3.98,70.63,2.93
Isil'kul',99,RU,1584227921,93,54.91,71.27,31.6,12.21
Vao,100,NC,1584227921,82,-22.67,167.48,83.25,24.36
Kailua,90,US,1584227922,73,21.4,-157.74,82.4,9.84
Sipoo,5,FI,1584227922,79,60.38,25.27,25.0,6.93
Werda,0,BW,1584227923,40,-25.27,23.28,71.26,3.49
Longyearbyen,90,SJ,1584227923,70,78.22,15.64,-0.4,6.93
Athabasca,100,CA,1584227923,81,54.72,-113.29,4.32,3.29
Mahon,0,ES,1584227633,87,39.89,4.27,50.0,4.7
Tuatapere,100,NZ,1584227924,74,-46.13,167.68,62.01,4.0
Brae,100,GB,1584227925,87,60.4,-1.35,44.6,19.46
Kurumkan,86,RU,1584227925,83,54.3,110.3,14.4,1.48
The Valley,20,AI,1584227630,73,18.22,-63.06,80.01,4.7
Saquarema,20,BR,1584227926,94,-22.92,-42.51,78.8,4.7
Bariri,6,BR,1584227926,55,-22.07,-48.74,86.0,3.36
Sokoto,100,NG,1584227926,13,13.06,5.24,74.86,10.18
Kudahuvadhoo,78,MV,1584227900,65,2.67,72.89,83.89,7.47
Mildura,0,AU,1584227667,62,-34.2,142.15,57.99,10.29
Malbork,0,PL,1584227927,85,54.04,19.03,28.0,2.24
Pacifica,75,US,1584227931,87,37.61,-122.49,54.0,5.82
Tonj,56,SS,1584227931,31,7.27,28.68,79.56,4.14
Kheri,0,IN,1584227932,76,27.9,80.8,60.53,2.8
Mikkeli,0,FI,1584227932,78,61.69,27.27,14.0,1.12
Klyuchi,100,RU,1584227933,92,52.27,79.17,34.43,12.35
Beringovskiy,49,RU,1584227933,86,63.05,179.32,21.36,7.18
Thinadhoo,80,MV,1584227934,64,0.53,72.93,83.23,5.32
Rechka Vydrino,88,RU,1584227934,85,51.48,104.85,27.72,8.77
Trairi,100,BR,1584227654,96,-3.28,-39.27,74.3,2.57
Alta Gracia,90,AR,1584227935,60,-31.65,-64.43,68.0,14.99
Varhaug,75,NO,1584227805,93,58.61,5.65,43.0,26.4
Morant Bay,20,JM,1584227936,62,17.88,-76.41,86.0,3.36
Port Lincoln,99,AU,1584227936,68,-34.73,135.87,61.95,17.6
Necochea,0,AR,1584227689,77,-38.55,-58.74,64.99,7.0
Gangāpur,0,IN,1584227937,40,26.48,76.72,58.8,5.08
Kununurra,1,AU,1584227938,78,-15.77,128.73,80.6,5.82
Barquisimeto,0,VE,1584227938,31,10.07,-69.32,87.8,9.17
Saravena,78,CO,1584227938,64,6.95,-71.88,79.39,2.77
Shīeli,47,KZ,1584227939,47,44.17,66.75,47.57,8.97
Whitehorse,75,CA,1584227939,41,60.72,-135.05,28.0,1.86
Fengxian,0,CN,1584227940,43,34.7,116.59,52.0,4.76
La Rioja,0,ES,1584227940,93,42.25,-2.5,41.0,3.36
Saint-Jovite,40,CA,1584227741,34,46.12,-74.6,39.0,11.41
Launceston,21,AU,1584227682,71,-41.45,147.17,62.01,3.36
São Félix do Xingu,100,BR,1584227941,95,-6.64,-51.99,74.3,2.01
Xinqing,8,CN,1584227942,87,48.23,129.5,17.15,4.32
Deputatsky,0,RU,1584227942,91,69.3,139.9,-28.21,1.9
Puerto del Rosario,20,ES,1584227944,72,28.5,-13.86,62.6,9.17
Talas,75,TR,1584227944,87,38.69,35.55,44.6,6.93
Venado Tuerto,97,AR,1584227945,47,-33.75,-61.97,67.21,13.94
Dakar,40,SN,1584227766,94,14.69,-17.44,71.6,11.41
Grand Gaube,40,MU,1584227946,88,-20.01,57.66,77.0,10.02
Bathsheba,90,BB,1584227647,88,13.22,-59.52,75.2,14.99
Mórrope,20,PE,1584227946,29,-6.54,-80.01,66.2,20.8
Hamilton,90,US,1584227686,93,39.18,-84.53,37.0,14.99
Hay River,75,CA,1584227947,40,60.82,-115.8,14.0,12.75
Nānākuli,90,US,1584227947,73,21.39,-158.15,82.4,4.81
Pishin,60,PK,1584227950,42,30.58,67.0,46.31,2.13
Tigil',96,RU,1584227951,78,57.8,158.67,19.56,26.66
Kikwit,100,CD,1584227953,93,-5.04,18.82,71.56,1.61
Harrison,1,US,1584227867,73,30.41,-89.04,78.8,5.82
Mgandu,100,TZ,1584227953,96,-5.95,34.13,62.31,1.41
Pundaguitan,70,PH,1584227954,72,6.37,126.17,79.25,10.92
Taltal,1,CL,1584227954,92,-25.4,-70.48,60.08,1.19
Narsaq,100,GL,1584227707,67,60.92,-46.05,19.4,4.99
Kumo,43,NG,1584227956,17,10.04,11.21,71.4,13.15
Dubbo,0,AU,1584227819,63,-32.25,148.62,62.6,18.34
Vilcún,0,CL,1584227956,52,-38.65,-72.23,68.0,12.75
Gazojak,94,TM,1584227734,32,41.19,61.4,58.35,14.63
Anadyr,40,RU,1584227957,85,64.75,177.48,21.2,33.55
Arlit,0,NE,1584227957,14,18.74,7.39,69.28,8.68
Kirakira,98,SB,1584227781,80,-10.45,161.92,82.27,12.55
Pangnirtung,93,CA,1584227958,99,66.15,-65.71,-33.92,1.74
Eureka,75,US,1584227959,66,40.8,-124.16,48.2,9.17
Ilo,50,PE,1584227693,88,-17.64,-71.34,71.56,4.27
Harmanli,90,BG,1584227959,81,41.93,25.9,51.01,13.87
Almaznyy,20,RU,1584227960,71,48.04,40.05,42.8,11.18
Mabama,92,TZ,1584227960,91,-5.13,32.53,64.67,1.7
Bogandinskiy,72,RU,1584227961,92,56.89,65.89,32.0,8.95
Roald,75,NO,1584227961,65,62.58,6.13,41.0,17.22
Linhares,83,BR,1584227961,95,-19.39,-40.07,72.95,2.3
Plácido de Castro,97,BR,1584227962,86,-10.34,-67.19,78.91,2.01
Nicoya,82,CR,1584227962,38,10.15,-85.45,93.2,21.92
San Lazaro,40,BZ,1584227962,69,18.04,-88.66,84.2,17.22
Álamos,33,MX,1584227963,52,27.02,-108.93,79.0,5.01
Boguchany,91,RU,1584227922,90,58.38,97.45,29.37,11.41
Champotón,20,MX,1584227963,78,19.35,-90.72,82.4,13.87
Tongliao,27,CN,1584227964,36,43.61,122.27,21.0,21.56
Sembakung,6,ID,1584227964,87,3.82,117.25,77.9,3.06
Lumberton,90,US,1584227965,42,34.62,-79.01,69.8,4.7
Great Yarmouth,100,GB,1584227965,81,52.61,1.73,50.0,14.99
Rocha,76,UY,1584227965,76,-34.48,-54.33,66.96,9.51
Petropavlovsk-Kamchatskiy,0,RU,1584227966,67,53.05,158.65,19.4,8.95
Wajima,17,JP,1584227966,55,37.4,136.9,41.52,10.54
Verkhoyansk,15,RU,1584227966,86,67.54,133.38,-22.83,1.81
Tazovsky,100,RU,1584227937,93,67.47,78.7,5.94,16.96
Healesville,90,AU,1584227967,76,-37.65,145.52,63.0,9.17
Moen,75,NO,1584227968,74,69.13,18.61,33.8,29.97
Show Low,20,US,1584227968,46,34.25,-110.03,61.0,16.11
Narrabri,41,AU,1584227968,63,-30.32,149.78,68.0,14.99
Santa Marta,20,CO,1584227698,52,11.24,-74.2,90.0,13.87
Quatre Cocos,40,MU,1584227969,88,-20.21,57.76,77.0,13.53
Cedar City,75,US,1584227969,50,37.68,-113.06,51.8,25.28
Tīrthahalli,15,IN,1584227970,60,13.7,75.23,70.11,1.95
Yurty,61,RU,1584227970,84,56.05,97.63,27.48,7.38
Olafsvik,32,IS,1584227971,52,64.89,-23.71,24.33,2.42
Sisimiut,65,GL,1584227971,87,66.94,-53.67,-14.31,6.08
Yuxia,6,CN,1584227971,69,34.06,108.63,48.99,2.24
Turukhansk,100,RU,1584227972,97,65.82,87.98,30.29,11.99
Manokwari,100,ID,1584227972,69,-0.87,134.08,77.85,2.39
Grahamstown,95,ZA,1584227973,87,-33.3,26.53,68.0,4.0
Muisne,75,EC,1584227969,83,0.6,-80.03,80.6,4.7
Bloemfontein,0,ZA,1584227973,87,-29.12,26.21,59.0,2.24
Revúca,28,SK,1584227974,73,48.68,20.12,27.0,1.12
Ochakiv,100,UA,1584227974,52,46.61,31.55,41.0,13.42
Pahrump,75,US,1584227965,47,36.21,-115.98,64.99,23.04
Sulangan,85,PH,1584227975,77,11.14,123.72,78.87,12.8
Beloha,100,MG,1584227975,88,-25.17,45.05,71.37,9.26
Morón,90,AR,1584227976,94,-34.65,-58.62,69.8,6.93
Simbahan,100,PH,1584227976,74,6.3,120.58,81.37,13.49
Sanguéya,16,GN,1584227976,77,10.7,-14.37,76.05,4.12
Lárdos,20,GR,1584227840,87,36.09,28.02,59.0,5.82
Alghero,40,IT,1584227977,93,40.56,8.32,50.0,2.24
Tarumovka,88,RU,1584227978,76,44.08,46.54,53.44,11.45
Richards Bay,6,ZA,1584227978,87,-28.78,32.04,76.62,5.77
Ixtapa,5,MX,1584227978,74,20.7,-105.2,78.8,11.41
Sergeevka,100,KZ,1584227979,95,53.88,67.42,33.28,10.31
Sikonge,96,TZ,1584227979,90,-5.63,32.77,63.41,2.33
Santa Isabel Rio Negro,96,BR,1584227979,79,-0.41,-65.02,79.63,1.92
Otwock,0,PL,1584227980,68,52.11,21.26,30.0,3.36
San Roque,97,ES,1584227980,87,36.21,-5.38,60.8,13.87
Uruçuí,100,BR,1584227981,93,-7.23,-44.56,74.71,8.08
Calama,40,CL,1584227840,16,-22.47,-68.93,77.0,26.4
Lima,100,PE,1584227906,69,-12.04,-77.03,78.8,18.34
Tarauacá,71,BR,1584227707,88,-8.16,-70.77,78.19,2.51
Adrar,0,MR,1584227933,10,20.5,-10.07,69.66,7.45
Arman',100,RU,1584227983,89,59.7,150.17,8.53,4.97
Kemijärvi,53,FI,1584227864,84,66.71,27.43,14.45,15.86
Norden,20,DE,1584227983,70,53.6,7.2,48.2,14.99
Evensk,100,RU,1584227984,95,61.95,159.23,16.5,11.34
Tahoua,51,NE,1584227984,7,14.89,5.27,82.4,6.93
Rovaniemi,62,FI,1584227984,72,66.5,25.72,17.6,14.99
Baghlan,27,AF,1584227985,37,36.13,68.71,43.41,3.56
Porto Walter,100,BR,1584227985,79,-8.27,-72.74,79.57,2.53
Severodvinsk,62,RU,1584227985,85,64.56,39.83,19.4,4.47
Haines Junction,37,CA,1584227986,78,60.75,-137.51,28.4,3.22
Zaysan,0,KZ,1584227986,61,47.47,84.87,24.98,0.56
São João da Barra,68,BR,1584227987,88,-21.64,-41.05,78.8,4.7
Qandala,34,SO,1584227987,78,11.47,49.87,74.7,4.76
Fort-Shevchenko,100,KZ,1584227987,83,44.51,50.26,46.8,14.76
Lensk,100,RU,1584227988,92,60.73,114.93,22.62,11.12
Kumul,80,CN,1584227988,33,42.8,93.45,34.11,3.18
Le Port,90,RE,1584227989,78,-20.94,55.29,77.0,9.17
Safranbolu,60,TR,1584227989,83,41.25,32.69,43.45,2.26
Darhan,86,MN,1584227990,80,49.49,105.92,19.99,6.82
Mīrābād,100,AF,1584227990,12,30.44,61.84,66.11,7.96
Rome,90,US,1584227944,64,43.21,-75.46,37.4,8.05
Cayenne,74,GF,1584227991,74,4.93,-52.33,80.6,5.82
Makakilo City,90,US,1584227991,73,21.35,-158.09,82.4,4.81
Tamandaré,94,BR,1584227992,75,-8.76,-35.1,82.72,11.79
Rabo de Peixe,20,PT,1584227992,82,37.8,-25.58,55.4,2.24
Asău,90,RO,1584227993,52,46.43,26.4,41.0,17.22
Lamu,70,KE,1584227993,77,-2.27,40.9,84.07,9.91
Teya,100,RU,1584227994,89,60.38,92.63,26.98,12.93
Olinda,75,BR,1584227994,74,-8.01,-34.86,84.2,9.17
Ca Mau,100,VN,1584227724,70,9.18,105.15,80.82,9.35
Burgeo,99,CA,1584227995,75,47.62,-57.62,30.83,31.16
Ambon City,40,ID,1584227995,83,-3.7,128.18,80.6,1.12
Bundaberg,40,AU,1584227996,60,-24.85,152.35,79.0,12.75
Ust-Nera,0,RU,1584227996,89,64.57,143.2,-18.45,3.96
Grenville,75,GD,1584227996,83,12.12,-61.62,78.8,5.82
Alugan,88,PH,1584227997,64,12.22,125.48,80.71,4.5
Seabra,83,BR,1584227997,92,-12.42,-41.77,65.16,7.7
Ketchikan,1,US,1584227998,38,55.34,-131.65,41.0,17.22
Fort Nelson,20,CA,1584227832,29,58.81,-122.7,23.0,5.82
Shakawe,93,BW,1584227998,86,-18.37,21.85,69.94,3.58
Noumea,91,NC,1584227918,70,-22.28,166.46,84.2,1.12
Warmbad,0,NA,1584227999,53,-28.45,18.73,65.35,8.86
Umluj,0,SA,1584227999,59,25.02,37.27,62.74,5.19
Ulladulla,40,AU,1584228000,51,-35.35,150.47,62.01,12.75
Maragogi,94,BR,1584227955,75,-9.01,-35.22,82.72,11.79
Leh,58,IN,1584228001,61,34.17,77.58,8.78,1.79
Te Anau,100,NZ,1584227829,59,-45.42,167.72,59.43,1.12
Kidal,0,ML,1584228002,12,18.44,1.41,74.44,12.17
Ardakān,20,IR,1584228002,33,32.31,54.02,62.6,4.7
Gamboma,100,CG,1584228071,59,-1.88,15.86,79.2,0.74
Yumen,100,CN,1584228072,29,40.28,97.2,33.91,13.35
Vitim,100,RU,1584228072,95,59.45,112.56,26.92,9.91
Khovd,0,MN,1584228073,41,48.01,91.64,18.82,7.56
Cap Malheureux,40,MU,1584228073,88,-19.98,57.61,77.0,10.02
Huilong,0,CN,1584228074,71,31.81,121.66,50.0,3.0
Henties Bay,0,NA,1584228065,93,-22.12,14.28,62.01,4.59
Kutum,35,SD,1584228074,25,14.2,24.67,57.61,5.35
Demmin,16,DE,1584228075,69,53.91,13.03,34.0,4.7
Rincon,75,US,1584228075,73,32.3,-81.24,77.0,11.41
Kushmurun,100,KZ,1584227829,86,52.45,64.63,32.0,17.81
Camaná,81,PE,1584228076,82,-16.62,-72.71,67.75,6.15
Vardø,71,NO,1584228046,63,70.37,31.11,22.39,25.59
Neral,20,IN,1584228077,56,19.03,73.32,73.4,6.8
Dayong,75,CN,1584228077,82,25.02,118.29,57.2,4.47
Kamaishi,40,JP,1584228077,64,39.27,141.88,35.6,5.82
Trat,100,TH,1584228078,80,12.5,102.5,82.0,2.44
Portoferraio,20,IT,1584228078,71,42.81,10.31,55.0,9.17
Oytal,0,KZ,1584228006,46,42.91,73.27,45.61,5.41
Port Hawkesbury,90,CA,1584228079,76,45.62,-61.35,35.01,19.46
Sirte,40,LY,1584227850,25,31.21,16.59,66.34,10.31
Palana,100,RU,1584227964,85,59.12,159.97,18.21,24.18
Kuching,40,MY,1584227902,94,1.55,110.33,77.0,1.72
Toma,3,BF,1584228080,12,12.77,-2.88,82.56,9.55
Bīdar,12,IN,1584228081,47,17.9,77.55,73.99,3.87
Huarmey,97,PE,1584227993,70,-10.07,-78.15,73.99,3.85
Porto-Novo,69,BJ,1584228082,76,6.5,2.6,83.26,8.03
Progreso,75,MX,1584227928,30,21.28,-89.67,95.0,14.99
Kota Bharu,20,MY,1584227840,83,6.13,102.24,82.4,5.82
Bereda,9,ES,1584228083,93,43.27,-7.54,48.0,4.7
Sturgeon Falls,75,CA,1584228083,76,46.36,-79.93,34.0,13.87
Coquimbo,13,CL,1584227991,77,-29.95,-71.34,66.2,12.75
Mayo,90,US,1584228084,32,38.89,-76.51,55.99,5.84
Prado,82,BR,1584228084,79,-17.34,-39.22,80.58,15.37
Kumbhrāj,12,IN,1584228085,41,24.37,77.05,57.58,7.54
Songjianghe,100,CN,1584228085,90,42.19,127.48,18.64,10.16
Karratha,90,AU,1584228085,72,-20.74,116.85,83.5,16.37
Tual,100,ID,1584228086,77,-5.67,132.75,81.54,9.1
Kefamenanu,6,ID,1584228086,79,-9.45,124.48,76.77,0.18
Ørnes,75,NO,1584228086,69,66.87,13.71,37.99,32.21
Pittsfield,1,US,1584227835,55,42.45,-73.25,44.01,10.29
Great Falls,90,US,1584227888,84,47.5,-111.3,3.0,10.29
San Rafael,0,AR,1584227809,23,-34.62,-68.33,63.57,7.83
Muzhi,96,RU,1584227960,96,65.37,64.67,5.59,2.48
Inhambane,0,MZ,1584228088,82,-23.86,35.38,77.63,6.55
Along,95,IN,1584228089,88,28.17,94.77,59.11,3.87
Upington,0,ZA,1584228089,37,-28.45,21.26,68.0,4.34
Kostanay,90,KZ,1584228089,86,53.17,63.58,33.8,8.95
Van Buren,90,US,1584228090,100,35.44,-94.35,53.6,3.36
East Patchogue,1,US,1584228090,42,40.77,-73.0,52.0,4.7
Saint-François,0,FR,1584228091,93,46.42,3.91,42.01,3.36
Buluang,32,PH,1584228091,75,13.31,123.34,76.32,5.61
Port-de-Bouc,0,FR,1584228092,60,43.4,4.98,53.01,18.34
Kiama,97,AU,1584228092,51,-34.68,150.87,66.99,12.75
Truro,100,GB,1584227946,87,50.27,-5.05,52.0,23.04
Urambo,87,TZ,1584228093,93,-5.07,32.05,65.5,2.86
Gorgan,40,IR,1584228093,81,36.84,54.43,51.8,6.93
Kumylzhenskaya,0,RU,1584228093,87,49.88,42.59,36.0,1.99
Thatcham,100,GB,1584228094,87,51.4,-1.26,50.0,13.87
Daye,0,CN,1584228094,54,30.08,114.95,53.82,2.15
Vaitape,8,PF,1584228096,75,-16.52,-151.75,83.12,14.47
Krasnorechenskiy,99,RU,1584228096,73,44.63,135.35,24.62,2.59
‘Āhuimanu,90,US,1584228096,73,21.44,-157.84,82.4,4.81
Acapulco de Juárez,20,MX,1584227895,66,16.86,-99.89,86.0,6.93
Kintinku,100,TZ,1584228097,94,-5.88,35.23,67.28,1.86
Awka,64,NG,1584228097,58,6.21,7.07,82.4,5.03
Palmeiras de Goiás,4,BR,1584228098,89,-16.8,-49.93,72.57,3.85
Tautira,40,PF,1584228098,59,-17.73,-149.15,89.6,3.36
San Carlos,9,VE,1584228099,40,9.66,-68.58,82.06,7.76
Yar-Sale,80,RU,1584228099,89,66.83,70.83,-3.82,11.99
Okha,94,RU,1584228099,88,53.57,142.95,7.97,3.27
Ushtobe,37,KZ,1584228100,44,45.25,77.98,43.9,6.53
Volga,100,RU,1584228100,57,57.95,38.39,24.46,8.5
Carauari,100,BR,1584228101,90,-4.88,-66.9,77.76,0.85
Dhidhdhoo,69,MV,1584228064,75,6.88,73.1,83.7,8.25
Maku,34,IR,1584228101,70,39.29,44.45,39.34,7.63
Yakeshi,16,CN,1584227867,89,49.28,120.73,-5.89,3.85
Buchanan,20,LR,1584227855,88,5.88,-10.05,82.4,3.78
Tokur,0,RU,1584228103,88,53.13,132.9,2.26,0.92
Maïné Soroa,7,NE,1584228065,17,13.21,12.02,65.52,8.81
Poum,95,NC,1584227856,79,-20.23,164.02,84.31,49.59
Araouane,83,ML,1584228063,6,18.9,-3.53,79.43,10.83
Usinsk,100,RU,1584228104,85,65.99,57.53,6.21,9.75
Monkey Bay,88,MW,1584228104,76,-14.07,34.92,78.98,13.87
Puri,40,IN,1584228105,73,19.8,85.85,71.6,9.17
Mana,76,GF,1584228105,87,5.66,-53.78,73.96,2.77
Merauke,78,ID,1584228106,69,-8.47,140.33,84.83,7.27
Polokwane,14,ZA,1584228106,77,-23.9,29.47,68.0,3.36
Sapa,91,PH,1584228106,70,5.15,120.32,82.02,10.22
Amahai,73,ID,1584228107,73,-3.33,128.92,81.16,8.19
Sundumbili,20,ZA,1584228107,83,-29.13,31.4,75.2,6.93
Tilichiki,100,RU,1584228107,79,60.47,166.1,28.56,11.63
Skibbereen,75,IE,1584228103,87,51.55,-9.27,44.6,14.99
Soe,11,ID,1584228108,59,-9.86,124.28,81.82,0.76
